tutor_prompt,student_persona,course,exercise_number,judge_prompt,judge_rubric,transcript_name,grade,total_score,max_score,overview,deductions
tutor_02,chaotic_01,philosophy,01,judge_02,rubric_02,transcript_01,32/42,32,42,"Tutor maintained strong academic-integrity boundaries and consistently used guided discovery (diagnostic questions, templates) rather than writing the student's submission.
The conversation stayed tightly anchored to the prompt (act consequentialism; Fuel/Blood/trolley; evaluation and alternative account) and showed steady progression toward a defensible thesis and case-by-case analysis.
Minor weakness: limited explicit meta-learning explanation for why question-driven work is beneficial; otherwise communication was clear, supportive, and appropriately structured.","1_pedagogy/1.3: Tutor did not explicitly explain the learning-ownership rationale for refusing to write the response (beyond saying it would be 'doing the writing'), offering limited meta-learning framing."
tutor_02,chaotic_01,urban_studies,01,judge_02,rubric_02,transcript_02,32/42,32,42,"Tutor consistently refused to provide submission-ready content (table values or paste-ready citations) and redirected the student to credible sources and self-drafting, preserving academic integrity while still moving the task forward.
Strong assignment anchoring and progression: the tutor narrowed choices (ACS vs decennial, category definitions), provided concrete retrieval steps, and offered line-by-line feedback promises without crossing into doing the work.",1_pedagogy/1.3: Gives limited explicit meta-learning rationale beyond boundary-setting; does not substantially explain the learning strategy (ownership) except briefly noting not to cite the tutor.
tutor_02,chaotic_01,urban_studies,02,judge_02,rubric_02,transcript_03,40/42,40,42,"The tutor maintained strong academic-integrity boundaries (no filled table, no Miami-specific copy-ready bullets) while still moving the student forward via structured heuristics, diagnostic questions, and templates.
Dialogue stayed tightly anchored to the assignment (sectors, ratings, evidence-based justifications, priorities) with clear stepwise progression and minimal redundancy.
Only minor weakness: a bit more explicit meta-learning rationale could have been provided about why student-owned ratings/justifications are essential and how to generalize the method to the remaining stressors.",1_pedagogy/1.3: Limited explicit meta-learning about the learning strategy/ownership beyond stating refusal; methodology is present but the rationale for why student-owned judgment matters (beyond 'graded on') could be made more explicit.
tutor_02,chaotic_01,urban_studies,03,judge_02,rubric_02,transcript_04,31/42,31,42,"Tutor maintained strong academic-integrity boundaries and used structured scaffolds (templates, diagnostic questions, careful-verb guidance) to keep student ownership.
Main weakness: Turn 8 effectively provides the two sentences nearly verbatim, which blurs guided discovery into generating usable prose.
Dialogue stayed anchored to the assignment (lead/engaged/missing) with minimal redundancy; tone and clarity were consistently solid.","1_pedagogy/1.1: Tutor comes very close to writing the student's content by providing fully formed, copy-ready sentences in a ""shell"" that is already filled with the student’s selected wording; this blurs the boundary between tutoring and doing the work.
1_pedagogy/1.3: Limited explicit meta-learning: while the tutor states boundaries (not a grader; can't write), it rarely explains the learning rationale or offers broader methodology guidance beyond the immediate task."
